https://es.aliexpress.com/item/1005005120582487.html,Celulares y telecomunicaciones,Electrónica,Dispositivos Inteligentes
https://es.aliexpress.com/item/1005004247974926.html,Celulares y telecomunicaciones,Electrónica,Dispositivos Inteligentes
https://es.aliexpress.com/item/1005005653056063.html,Celulares y telecomunicaciones,Electrónica,Dispositivos Inteligentes
https://es.aliexpress.com/item/1005005228628025.html,Celulares y telecomunicaciones,Electrónica,Dispositivos Inteligentes
https://es.aliexpress.com/item/1005005109823003.html,Celulares y telecomunicaciones,Electrónica,Dispositivos Inteligentes
https://es.aliexpress.com/item/1005005057539460.html,Celulares y telecomunicaciones,Electrónica,Dispositivos Inteligentes
https://es.aliexpress.com/item/1005005232471040.html,Celulares y telecomunicaciones,Electrónica,Dispositivos Inteligentes
https://es.aliexpress.com/item/1005005606162727.html,Celulares y telecomunicaciones,Electrónica,Dispositivos Inteligentes
https://es.aliexpress.com/item/1005005796619882.html,Celulares y telecomunicaciones,Electrónica,Dispositivos Inteligentes
https://es.aliexpress.com/item/1005005269441792.html,Celulares y telecomunicaciones,Electrónica,Dispositivos Inteligentes
https://es.aliexpress.com/item/1005005058037126.html,Celulares y telecomunicaciones,Electrónica,Dispositivos Inteligentes
https://es.aliexpress.com/item/1005005634984865.html,Celulares y telecomunicaciones,Electrónica,Dispositivos Inteligentes
https://es.aliexpress.com/item/1005005232490787.html,Celulares y telecomunicaciones,Electrónica,Dispositivos Inteligentes
https://es.aliexpress.com/item/1005005106919944.html,Celulares y telecomunicaciones,Electrónica,Dispositivos Inteligentes
https://es.aliexpress.com/item/1005005457279493.html,Celulares y telecomunicaciones,Electrónica,Dispositivos Inteligentes
https://es.aliexpress.com/item/1005005634982745.html,Celulares y telecomunicaciones,Electrónica,Dispositivos Inteligentes
https://es.aliexpress.com/item/1005005066287971.html,Celulares y telecomunicaciones,Electrónica,Dispositivos Inteligentes
https://es.aliexpress.com/item/1005004134044573.html,Celulares y telecomunicaciones,Electrónica,Dispositivos Inteligentes
https://es.aliexpress.com/item/1005005610186101.html,Celulares y telecomunicaciones,Electrónica,Dispositivos Inteligentes
https://es.aliexpress.com/item/1005005589887297.html,Celulares y telecomunicaciones,Electrónica,Dispositivos Inteligentes
https://es.aliexpress.com/item/1005005814275848.html,Celulares y telecomunicaciones,Electrónica,Dispositivos Inteligentes
https://es.aliexpress.com/item/1005001576939727.html,Celulares y telecomunicaciones,Electrónica,Dispositivos Inteligentes
https://es.aliexpress.com/item/1005005266780717.html,Celulares y telecomunicaciones,Electrónica,Dispositivos Inteligentes
https://es.aliexpress.com/item/1005004398683250.html,Celulares y telecomunicaciones,Electrónica,Dispositivos Inteligentes
https://es.aliexpress.com/item/1005005539543852.html,Celulares y telecomunicaciones,Electrónica,Dispositivos Inteligentes
https://es.aliexpress.com/item/1005005433465835.html,Celulares y telecomunicaciones,Electrónica,Dispositivos Inteligentes
https://es.aliexpress.com/item/1005005803660001.html,Celulares y telecomunicaciones,Electrónica,Dispositivos Inteligentes
https://es.aliexpress.com/item/1005005769880815.html,Celulares y telecomunicaciones,Electrónica,Dispositivos Inteligentes
https://es.aliexpress.com/item/1005005699962127.html,Celulares y telecomunicaciones,Electrónica,Dispositivos Inteligentes
https://es.aliexpress.com/item/1005005094337999.html,Celulares y telecomunicaciones,Electrónica,Dispositivos Inteligentes
https://es.aliexpress.com/item/1005005649653848.html,Celulares y telecomunicaciones,Electrónica,Dispositivos Inteligentes
https://es.aliexpress.com/item/1005005057606933.html,Celulares y telecomunicaciones,Electrónica,Dispositivos Inteligentes
https://es.aliexpress.com/item/1005005802437235.html,Celulares y telecomunicaciones,Electrónica,Dispositivos Inteligentes
https://es.aliexpress.com/item/1005005222907637.html,Celulares y telecomunicaciones,Electrónica,Dispositivos Inteligentes
https://es.aliexpress.com/item/1005005586662059.html,Celulares y telecomunicaciones,Electrónica,Dispositivos Inteligentes
https://es.aliexpress.com/item/1005005317248321.html,Celulares y telecomunicaciones,Electrónica,Dispositivos Inteligentes
https://es.aliexpress.com/item/1005005448054003.html,Celulares y telecomunicaciones,Electrónica,Dispositivos Inteligentes
https://es.aliexpress.com/item/1005005106910923.html,Celulares y telecomunicaciones,Electrónica,Dispositivos Inteligentes
https://es.aliexpress.com/item/1005005533983734.html,Celulares y telecomunicaciones,Electrónica,Dispositivos Inteligentes
https://es.aliexpress.com/item/1005005585516425.html,Celulares y telecomunicaciones,Electrónica,Dispositivos Inteligentes
https://es.aliexpress.com/item/1005005508522710.html,Celulares y telecomunicaciones,Electrónica,Dispositivos Inteligentes
https://es.aliexpress.com/item/1005005714355848.html,Celulares y telecomunicaciones,Electrónica,Dispositivos Inteligentes
https://es.aliexpress.com/item/1005005058400037.html,Celulares y telecomunicaciones,Electrónica,Dispositivos Inteligentes
https://es.aliexpress.com/item/1005005072011388.html,Celulares y telecomunicaciones,Electrónica,Dispositivos Inteligentes
https://es.aliexpress.com/item/1005005094358264.html,Celulares y telecomunicaciones,Electrónica,Dispositivos Inteligentes
https://es.aliexpress.com/item/1005004555950054.html,Celulares y telecomunicaciones,Electrónica,Dispositivos Inteligentes
https://es.aliexpress.com/item/1005005646667022.html,Celulares y telecomunicaciones,Electrónica,Dispositivos Inteligentes
https://es.aliexpress.com/item/1005005223120135.html,Celulares y telecomunicaciones,Electrónica,Dispositivos Inteligentes
https://es.aliexpress.com/item/1005005814964425.html,Celulares y telecomunicaciones,Electrónica,Dispositivos Inteligentes
https://es.aliexpress.com/item/1005005339856807.html,Celulares y telecomunicaciones,Electrónica,Dispositivos Inteligentes
https://es.aliexpress.com/item/1005005339082220.html,Celulares y telecomunicaciones,Electrónica,Dispositivos Inteligentes
https://es.aliexpress.com/item/1005005193705004.html,Celulares y telecomunicaciones,Electrónica,Dispositivos Inteligentes
https://es.aliexpress.com/item/1005005646136751.html,Celulares y telecomunicaciones,Electrónica,Dispositivos Inteligentes
https://es.aliexpress.com/item/1005005298718447.html,Celulares y telecomunicaciones,Electrónica,Dispositivos Inteligentes
https://es.aliexpress.com/item/1005005533987804.html,Celulares y telecomunicaciones,Electrónica,Dispositivos Inteligentes
https://es.aliexpress.com/item/1005005806087030.html,Celulares y telecomunicaciones,Electrónica,Dispositivos Inteligentes
https://es.aliexpress.com/item/1005005745555679.html,Celulares y telecomunicaciones,Electrónica,Dispositivos Inteligentes
https://es.aliexpress.com/item/1005005761256276.html,Celulares y telecomunicaciones,Electrónica,Dispositivos Inteligentes
https://es.aliexpress.com/item/1005005716142978.html,Celulares y telecomunicaciones,Electrónica,Dispositivos Inteligentes
https://es.aliexpress.com/item/1005005083345855.html,Celulares y telecomunicaciones,Electrónica,Dispositivos Inteligentes
